,Feature,Coefficient,T-Statistic,P-Value,Standard Error,Conf. Int. Lower,Conf. Int. Upper
0,gender_female,-0.834,1.907,0.05939059376886813,-0.4373361300471945,0.03366242600261882,-1.7016624260026187
1,gender_male,-0.646,6.818,7.107041621878807e-10,-0.09474919331182166,-0.45802029907326736,-0.8339797009267327
2,age_group_unknown,0.261,-1.329,0.1868723460203161,-0.19638826185101582,0.6506287180702441,-0.12862871807024406
3,gender_unknown,0.261,-3.997,0.00012285752663232508,-0.065298974230673,0.3905513050576318,0.13144869494236822
