type,no-tune,tune,no-tune,tune,no-tune,tune,no-tune,tune,no-tune,tune
model_name,lr,lr,rf,rf,lgb,lgb,xgb,xgb,mlp,mlp
accuracy_score, 0.82134 , 0.82134 , 0.82030 , 0.83696 , 0.83563 , 0.83616 , 0.83664 , 0.83788 , 0.83191 , 0.83484 
f1_score, 0.76607 , 0.76607 , 0.76721 , 0.78517 , 0.78665 , 0.78749 , 0.78748 , 0.78770 , 0.78292 , 0.78463 
auc_score, 0.88207 , 0.88207 , 0.89083 , 0.90321 , 0.90505 , 0.90555 , 0.90526 , 0.90598 , 0.90096 , 0.90306 
specificity_score, 0.86541 , 0.86541 , 0.85906 , 0.87899 , 0.87028 , 0.87026 , 0.87214 , 0.87642 , 0.86512 , 0.87220 
sensitivity_score, 0.68526 , 0.68526 , 0.70059 , 0.70717 , 0.72863 , 0.73086 , 0.72702 , 0.71888 , 0.72937 , 0.71947 