type,no-tune,tune,no-tune,tune,no-tune,tune,no-tune,tune,no-tune,tune
model_name,lr,lr,rf,rf,lgb,lgb,xgb,xgb,mlp,mlp
accuracy_score,0.82134,0.82134,0.820295,0.836955,0.83563,0.83616,0.83664,0.83788,0.83191,0.834835
f1_score,0.766070984602778,0.766070984602778,0.7672124185603846,0.7851712546408942,0.7866501868661662,0.7874860583318217,0.7874844571145614,0.7877033613230082,0.7829186448184171,0.7846273265345889
auc_score,0.8820681496957821,0.8820681496957821,0.8908295916259543,0.9032072042763251,0.9050454029909992,0.9055505085191089,0.9052639972126788,0.9059784331465455,0.9009633141330158,0.9030631711027718
specificity_score,0.865410328713081,0.865410328713081,0.8590624462184095,0.8789864569681084,0.8702821134013795,0.8702622555833565,0.8721421290228629,0.8764181791704727,0.865119080715411,0.8721950832042575
sensitivity_score,0.6852593712954257,0.6852593712954257,0.7005886440747251,0.7071700118546376,0.7286309937456567,0.7308588480562482,0.7270163103462371,0.7188815762580223,0.7293667988390631,0.7194743081388218
